nombre,pais,estado,ciudad,imagen,genero,id
Nellie Prosacco,Maldives,Port Mac,East Orange,https://cloudflare-ipfs.com/ipfs/Qmd3W5DuhgHirLHGVixi6V76LhCkZUz6pnFt5AJBiyvHye/avatar/1132.jpg,Genderqueer,1
Mr. Jordan Casper,Jordan,South Earnestinecester,Twin Falls,https://cloudflare-ipfs.com/ipfs/Qmd3W5DuhgHirLHGVixi6V76LhCkZUz6pnFt5AJBiyvHye/avatar/324.jpg,Genderflux,2
Angelo Leuschke MD,Kuwait,East Kristofferboro,Riverview,https://cloudflare-ipfs.com/ipfs/Qmd3W5DuhgHirLHGVixi6V76LhCkZUz6pnFt5AJBiyvHye/avatar/1084.jpg,Cis female,3
Robert Witting,Dominican Republic,Joanytown,Idaho Falls,https://cloudflare-ipfs.com/ipfs/Qmd3W5DuhgHirLHGVixi6V76LhCkZUz6pnFt5AJBiyvHye/avatar/1037.jpg,Demiflux,4
Ms. Elias Wolf,New Caledonia,Lake Zeldabury,Napa,https://cloudflare-ipfs.com/ipfs/Qmd3W5DuhgHirLHGVixi6V76LhCkZUz6pnFt5AJBiyvHye/avatar/360.jpg,Hermaphrodite,5
Jeffery Torphy,Vanuatu,South Harrisonfurt,Wesley Chapel,https://cloudflare-ipfs.com/ipfs/Qmd3W5DuhgHirLHGVixi6V76LhCkZUz6pnFt5AJBiyvHye/avatar/478.jpg,Neither,6
Sonya Marvin,Kenya,South Ellafort,Bellevue,https://cloudflare-ipfs.com/ipfs/Qmd3W5DuhgHirLHGVixi6V76LhCkZUz6pnFt5AJBiyvHye/avatar/684.jpg,Female to male transgender man,7
Della Effertz,French Southern Territories,Leliaworth,Killeen,https://cloudflare-ipfs.com/ipfs/Qmd3W5DuhgHirLHGVixi6V76LhCkZUz6pnFt5AJBiyvHye/avatar/604.jpg,Gender questioning,8
Hector Green PhD,Palau,Brooklyn Park,Grand Junction,https://cloudflare-ipfs.com/ipfs/Qmd3W5DuhgHirLHGVixi6V76LhCkZUz6pnFt5AJBiyvHye/avatar/918.jpg,Transexual,9
Lester O'Conner,Andorra,South Joanne,Odessa,https://cloudflare-ipfs.com/ipfs/Qmd3W5DuhgHirLHGVixi6V76LhCkZUz6pnFt5AJBiyvHye/avatar/183.jpg,Demi-girl,10
Sonia Stroman,Yemen,Gibsonworth,Monroe,https://cloudflare-ipfs.com/ipfs/Qmd3W5DuhgHirLHGVixi6V76LhCkZUz6pnFt5AJBiyvHye/avatar/901.jpg,Gender variant,11
Dixie Legros,French Guiana,Nikolausbury,Des Moines,https://cloudflare-ipfs.com/ipfs/Qmd3W5DuhgHirLHGVixi6V76LhCkZUz6pnFt5AJBiyvHye/avatar/959.jpg,Cis male,12
Nicole Schmeler,Pakistan,Columbia,Daytona Beach,https://cloudflare-ipfs.com/ipfs/Qmd3W5DuhgHirLHGVixi6V76LhCkZUz6pnFt5AJBiyvHye/avatar/652.jpg,Woman,13
Leland Mante,Mongolia,North Leliastead,Greensboro,https://cloudflare-ipfs.com/ipfs/Qmd3W5DuhgHirLHGVixi6V76LhCkZUz6pnFt5AJBiyvHye/avatar/353.jpg,Transmasculine,14
Byron O'Conner,Slovakia (Slovak Republic),Fayetteville,Pontiac,https://cloudflare-ipfs.com/ipfs/Qmd3W5DuhgHirLHGVixi6V76LhCkZUz6pnFt5AJBiyvHye/avatar/1186.jpg,Transgender person,15
Dr. Edgar Rath,Bhutan,Huntersville,Mountain View,https://cloudflare-ipfs.com/ipfs/Qmd3W5DuhgHirLHGVixi6V76LhCkZUz6pnFt5AJBiyvHye/avatar/510.jpg,MTF,16
Patti Murazik,Congo,Lakinbury,Santa Clara,https://cloudflare-ipfs.com/ipfs/Qmd3W5DuhgHirLHGVixi6V76LhCkZUz6pnFt5AJBiyvHye/avatar/1102.jpg,Female to male transgender man,17
Miss Jaime Koelpin,Kenya,East Cody,Methuen Town,https://cloudflare-ipfs.com/ipfs/Qmd3W5DuhgHirLHGVixi6V76LhCkZUz6pnFt5AJBiyvHye/avatar/18.jpg,Intersex woman,18
Mr. Shelia Marks MD,Hungary,South Luciennebury,Hemet,https://cloudflare-ipfs.com/ipfs/Qmd3W5DuhgHirLHGVixi6V76LhCkZUz6pnFt5AJBiyvHye/avatar/971.jpg,Trans,19
Edwin Wyman,Iraq,South Vern,Pawtucket,https://cloudflare-ipfs.com/ipfs/Qmd3W5DuhgHirLHGVixi6V76LhCkZUz6pnFt5AJBiyvHye/avatar/465.jpg,Two-spirit,20
Kelvin Osinski III,Dominican Republic,South Dovie,Gary,https://cloudflare-ipfs.com/ipfs/Qmd3W5DuhgHirLHGVixi6V76LhCkZUz6pnFt5AJBiyvHye/avatar/108.jpg,Neither,21
Verna Murazik II,Gabon,Eugene,Iowa City,https://cloudflare-ipfs.com/ipfs/Qmd3W5DuhgHirLHGVixi6V76LhCkZUz6pnFt5AJBiyvHye/avatar/608.jpg,Demiflux,22
Jessie Grant,Suriname,Rethafurt,Bayamon,https://cloudflare-ipfs.com/ipfs/Qmd3W5DuhgHirLHGVixi6V76LhCkZUz6pnFt5AJBiyvHye/avatar/532.jpg,Neither,23
Ms. Wm Bergnaum Sr.,Sweden,Welchport,Baltimore,https://cloudflare-ipfs.com/ipfs/Qmd3W5DuhgHirLHGVixi6V76LhCkZUz6pnFt5AJBiyvHye/avatar/701.jpg,Cisgender woman,24
Ramona Conroy,British Indian Ocean Territory (Chagos Archipelago),West Jaydaberg,Huntsville,https://cloudflare-ipfs.com/ipfs/Qmd3W5DuhgHirLHGVixi6V76LhCkZUz6pnFt5AJBiyvHye/avatar/468.jpg,Cis man,25
